RSI_Site,control_factor
StNeots-RSI-1,0.6580503989397188
StNeots-RSI-2,0.8223011784666646
StNeots-RSI-3,1.0273608123377043
StNeots-RSI-4,1.0102992437247273
StNeots-RSI-5,0.8767585839438684
StNeots-RSI-6,1.0889101857042114
StNeots-RSI-7,1.0446385801961866
