RSI_Site,control_factor
StNeots-RSI-1,1.7043680518357047
StNeots-RSI-2,1.2540225032176096
StNeots-RSI-3,1.0277468205332096
StNeots-RSI-4,1.0732267304512169
StNeots-RSI-5,1.130433639601982
StNeots-RSI-6,1.0473504443090178
StNeots-RSI-7,1.1366099728736898
